{
  "timestamp": "20241101_131636",
  "backend": "ibm_brisbane",
  "parameters": {
    "qubit_line": [
      1,
      0,
      14,
      18,
      19,
      20,
      33
    ],
    "delays": [
      0,
      16,
      48,
      96,
      88888,
      100000,
      200000,
      500000,
      1000000,
      1500000,
      2000000,
      3000000,
      5000000,
      8000000,
      10000000
    ],
    "protection_interval": 50000,
    "protection_angle": 0.7853981633974483
  },
  "data": {
    "protection": {
      "analyzed_data": []
    },
    "bell": {
      "analyzed_data": [
        0.500244140625,
        0.4970703125,
        0.5029296875,
        0.503662109375,
        0.524169921875,
        0.5244140625,
        0.482177734375,
        0.501708984375,
        0.505859375,
        0.5029296875,
        0.5029296875,
        0.50048828125,
        0.512451171875,
        0.521240234375,
        0.501220703125
      ]
    },
    "phase": {
      "analyzed_data": [
        1.0,
        1.0,
        1.0,
        1.0,
        1.0,
        1.0,
        1.0,
        1.0,
        1.0,
        1.0,
        1.0,
        1.0,
        1.0,
        1.0,
        1.0
      ]
    },
    "ghz": {
      "analyzed_data": [
        0.242431640625,
        0.2548828125,
        0.25244140625,
        0.252685546875,
        0.226806640625,
        0.256591796875,
        0.25146484375,
        0.250244140625,
        0.2431640625,
        0.233154296875,
        0.252197265625,
        0.244873046875,
        0.256103515625,
        0.24658203125,
        0.2470703125
      ]
    }
  }
}