{
  "timestamp": "20241101_151357",
  "backend": "ibm_brisbane",
  "parameters": {
    "qubit_line": [
      1,
      0,
      14,
      18,
      19,
      20,
      33
    ],
    "delays": [
      0,
      16,
      48,
      96,
      1536,
      24576,
      88888,
      100000,
      200000,
      1000000,
      3000000,
      5000000,
      10000000
    ],
    "protection_interval": 50000,
    "protection_angle": 0.7853981633974483
  },
  "data": {
    "protection": {
      "analyzed_data": []
    },
    "bell": {
      "analyzed_data": [
        1.0,
        1.0,
        1.0,
        1.0,
        1.0,
        1.0,
        1.0,
        1.0,
        1.0,
        1.0,
        1.0,
        1.0,
        1.0
      ]
    },
    "phase": {
      "analyzed_data": [
        1.0,
        1.0,
        1.0,
        1.0,
        1.0,
        1.0,
        1.0,
        1.0,
        1.0,
        1.0,
        1.0,
        1.0,
        1.0
      ]
    },
    "ghz": {
      "analyzed_data": [
        0.2529296875,
        0.25390625,
        0.235595703125,
        0.250732421875,
        0.243896484375,
        0.243896484375,
        0.238525390625,
        0.25537109375,
        0.252685546875,
        0.243896484375,
        0.256103515625,
        0.24609375,
        0.247314453125
      ]
    }
  }
}