{
  "timestamp": "20241101_141119",
  "backend": "ibm_brisbane",
  "parameters": {
    "qubit_line": [
      1,
      0,
      14,
      18,
      19,
      20,
      33
    ],
    "delays": [
      0,
      16,
      48,
      96,
      1536,
      24576,
      88888,
      100000,
      200000,
      1000000,
      3000000,
      5000000,
      10000000
    ],
    "protection_interval": 50000,
    "protection_angle": 0.7853981633974483
  },
  "data": {
    "protection": {
      "analyzed_data": []
    },
    "bell": {
      "analyzed_data": [
        0.67236328125,
        0.68017578125,
        0.672119140625,
        0.6708984375,
        0.665283203125,
        0.67578125,
        0.65673828125,
        0.67138671875,
        0.677734375,
        0.672607421875,
        0.666015625,
        0.655029296875,
        0.659912109375
      ]
    },
    "phase": {
      "analyzed_data": [
        1.0,
        1.0,
        1.0,
        1.0,
        1.0,
        1.0,
        1.0,
        1.0,
        1.0,
        1.0,
        1.0,
        1.0,
        1.0
      ]
    },
    "ghz": {
      "analyzed_data": [
        0.24951171875,
        0.23876953125,
        0.236083984375,
        0.24853515625,
        0.239013671875,
        0.241455078125,
        0.232177734375,
        0.22998046875,
        0.2421875,
        0.241455078125,
        0.238037109375,
        0.234619140625,
        0.23876953125
      ]
    }
  }
}