{
  "timestamp": "20241030_190740",
  "delays": [
    0,
    16,
    48,
    96,
    192
  ],
  "protection_strengths": [
    0.25732421875,
    0.387939453125,
    0.37939453125,
    0.377197265625,
    0.38623046875
  ],
  "average_strength": 0.3576171875,
  "max_strength": 0.387939453125,
  "max_strength_delay": 16,
  "qubit_line": [
    1,
    0,
    14,
    18,
    19,
    20,
    33
  ]
}