{
  "timestamp": "20241030_215238",
  "protection": {
    "delays": [
      0,
      16,
      48,
      96,
      192,
      384,
      768,
      1536
    ],
    "strengths": [
      0.256591796875,
      0.39208984375,
      0.371337890625,
      0.373291015625,
      0.386962890625,
      0.385498046875,
      0.380126953125,
      0.385009765625
    ],
    "uncertainties": [
      0.006824252453255689,
      0.007628383569493955,
      0.007549415035983974,
      0.007557475624318737,
      0.007610234998632449,
      0.007604886746326548,
      0.007584653319356798,
      0.007603087847961766
    ],
    "statistics": {
      "mean_strength": 0.366363525390625,
      "std_strength": 0.041999982509581014,
      "max_strength": 0.39208984375,
      "max_strength_delay": 16
    }
  },
  "validation": {
    "uncertainty_product": 14.054178545400625,
    "product_uncertainty": 0.2196233508994826,
    "heisenberg_satisfied": true
  },
  "qubit_line": [
    1,
    0,
    14,
    18,
    19,
    20,
    33
  ]
}