{
  "timestamp": "20241030_204318",
  "protection": {
    "delays": [
      0,
      16,
      48,
      96,
      192
    ],
    "strengths": [
      0.25732421875,
      0.387939453125,
      0.37939453125,
      0.377197265625,
      0.38623046875
    ],
    "uncertainties": [
      0.0068306178443406805,
      0.007613760187829168,
      0.007581818058047177,
      0.007573202145062954,
      0.007607569950166004
    ],
    "statistics": {
      "mean_strength": 0.3576171875,
      "std_strength": 0.05030799419058546,
      "max_strength": 0.387939453125,
      "max_strength_delay": 16
    }
  },
  "validation": {
    "uncertainty_product": 13.949974255712233,
    "product_uncertainty": 0.21799496008279168,
    "heisenberg_satisfied": true
  },
  "qubit_line": [
    1,
    0,
    14,
    18,
    19,
    20,
    33
  ]
}