{
  "timestamp": "20241030_224240",
  "protection": {
    "delays": [
      0,
      16,
      48,
      96,
      192,
      384,
      768,
      1536,
      6144,
      24576,
      98304,
      393216,
      786432,
      3145728,
      12582912,
      50331648
    ],
    "strengths": [
      0.25732421875,
      0.377685546875,
      0.363525390625,
      0.390380859375,
      0.39013671875,
      0.380859375,
      0.385498046875,
      0.366455078125,
      0.379150390625,
      0.378173828125,
      0.391845703125,
      0.4580078125,
      0.593017578125,
      0.751953125,
      0.897705078125,
      0.8974609375
    ],
    "uncertainties": [
      0.0068306178443406805,
      0.007575131086374987,
      0.007515847206238609,
      0.007622432393143675,
      0.007621574208538267,
      0.007587470260228754,
      0.007604886746326548,
      0.007528684629232093,
      0.007580868896186598,
      0.007577051854529004,
      0.00762753940916389,
      0.007784898996768294,
      0.007676117878428851,
      0.006748112127537881,
      0.004734933724085413,
      0.0047399359657468105
    ],
    "statistics": {
      "mean_strength": 0.47869873046875,
      "std_strength": 0.19131577552762943,
      "max_strength": 0.897705078125,
      "max_strength_delay": 12582912
    }
  },
  "validation": {
    "uncertainty_product": 14.0967545095224,
    "product_uncertainty": 0.2202886815609648,
    "heisenberg_satisfied": true
  },
  "qubit_line": [
    1,
    0,
    14,
    18,
    19,
    20,
    33
  ]
}