{
  "timestamp": "20241030_222213",
  "protection": {
    "delays": [
      0,
      16,
      48,
      96,
      192,
      384,
      768,
      1536,
      6144,
      24576,
      98304,
      393216,
      786432
    ],
    "strengths": [
      0.250244140625,
      0.379638671875,
      0.387939453125,
      0.3896484375,
      0.387451171875,
      0.386962890625,
      0.374267578125,
      0.3828125,
      0.380615234375,
      0.38818359375,
      0.386962890625,
      0.451416015625,
      0.58984375
    ],
    "uncertainties": [
      0.006768024450160657,
      0.007582765182020387,
      0.007613760187829168,
      0.007619851820159218,
      0.0076120016207139795,
      0.007610234998632449,
      0.007561456508739331,
      0.007594892690577285,
      0.007586533314279829,
      0.007614636452519375,
      0.007610234998632449,
      0.0077755312265491835,
      0.00768534174140055
    ],
    "statistics": {
      "mean_strength": 0.3950758713942308,
      "std_strength": 0.06985337780339688,
      "max_strength": 0.58984375,
      "max_strength_delay": 786432
    }
  },
  "validation": {
    "uncertainty_product": 13.607757143638763,
    "product_uncertainty": 0.2126471648597606,
    "heisenberg_satisfied": true
  },
  "qubit_line": [
    1,
    0,
    14,
    18,
    19,
    20,
    33
  ]
}