{
  "timestamp": "20241030_213611",
  "protection": {
    "delays": [
      0,
      16,
      48,
      96,
      192
    ],
    "strengths": [
      0.25732421875,
      0.369384765625,
      0.384521484375,
      0.38330078125,
      0.389404296875
    ],
    "uncertainties": [
      0.0068306178443406805,
      0.007541222335520993,
      0.007601280866266731,
      0.007596728009542123,
      0.007618987615024851
    ],
    "statistics": {
      "mean_strength": 0.356787109375,
      "std_strength": 0.050174931644835996,
      "max_strength": 0.389404296875,
      "max_strength_delay": 192
    }
  },
  "validation": {
    "uncertainty_product": 14.019281366155894,
    "product_uncertainty": 0.21907801590050638,
    "heisenberg_satisfied": true
  },
  "qubit_line": [
    1,
    0,
    14,
    18,
    19,
    20,
    33
  ]
}