{
  "timestamp": "20241030_231317",
  "protection": {
    "base_strength": 0.2509765625,
    "protected_strength": 0.38330078125,
    "delays": [
      16,
      48,
      96,
      192,
      384,
      768,
      1536,
      6144,
      24576,
      98304,
      393216,
      786432,
      3145728,
      12582912,
      50331648
    ],
    "delay_strengths": [
      0.389404296875,
      0.379638671875,
      0.3857421875,
      0.37744140625,
      0.38037109375,
      0.378662109375,
      0.38916015625,
      0.383056640625,
      0.404296875,
      0.484130859375,
      0.612548828125,
      0.715087890625,
      0.892822265625,
      0.896484375,
      0.888427734375
    ],
    "uncertainties": [
      0.007618987615024851,
      0.007582765182020387,
      0.007605783166053459,
      0.007574167637753382,
      0.007585594334240997,
      0.007578964455739077,
      0.0076181214016836155,
      0.00759581136338234,
      0.0076680539088055605,
      0.007808564170714111,
      0.0076120016207139795,
      0.007052696447064453,
      0.0048334231556600125,
      0.0047598617913412935,
      0.00491936680059785
    ],
    "mean_strength": 0.5304850260416667,
    "max_strength": 0.896484375,
    "max_strength_delay": 12582912
  },
  "quantum_validation": {
    "bell_fidelities": [
      0.0,
      0.0,
      0.0,
      0.0,
      0.0,
      0.0,
      0.0,
      0.0,
      0.0,
      0.0,
      0.0,
      0.0,
      0.0,
      0.0,
      0.0
    ],
    "phase_coherences": [
      0.0,
      0.0,
      0.0,
      0.0,
      0.0,
      0.0,
      0.0,
      0.0,
      0.0,
      0.0,
      0.0,
      0.0,
      0.0,
      0.0,
      0.0
    ],
    "ghz_fidelities": [
      0.19873046875,
      0.210693359375,
      0.211181640625,
      0.285888671875,
      0.3359375,
      0.798828125,
      0.797119140625,
      0.541748046875,
      0.349609375,
      0.334228515625,
      0.015625,
      0.014404296875,
      0.011962890625,
      0.01611328125,
      0.016357421875
    ],
    "mean_bell_fidelity": 0.0,
    "mean_phase_coherence": 0.0,
    "mean_ghz_fidelity": 0.27589518229166665
  }
}