{
  "timestamp": "20241031_064206",
  "protection": {
    "base_strength": 0.2509765625,
    "protected_strength": 0.38330078125,
    "delays": [
      16,
      48,
      96,
      192,
      384,
      768,
      1536,
      6144,
      24576,
      98304,
      393216,
      786432,
      3145728,
      12582912,
      50331648
    ],
    "delay_strengths": [
      0.389404296875,
      0.379638671875,
      0.3857421875,
      0.37744140625,
      0.38037109375,
      0.378662109375,
      0.38916015625,
      0.383056640625,
      0.404296875,
      0.484130859375,
      0.612548828125,
      0.715087890625,
      0.892822265625,
      0.896484375,
      0.888427734375
    ],
    "uncertainties": [
      0.007618987615024851,
      0.007582765182020387,
      0.007605783166053459,
      0.007574167637753382,
      0.007585594334240997,
      0.007578964455739077,
      0.0076181214016836155,
      0.00759581136338234,
      0.0076680539088055605,
      0.007808564170714111,
      0.0076120016207139795,
      0.007052696447064453,
      0.0048334231556600125,
      0.0047598617913412935,
      0.00491936680059785
    ],
    "mean_strength": 0.5304850260416667,
    "max_strength": 0.896484375,
    "max_strength_delay": 12582912
  },
  "quantum_validation": {
    "bell_fidelities": [
      0.978515625,
      0.989990234375,
      0.9892578125,
      0.970458984375,
      0.88916015625,
      0.985595703125,
      0.988525390625,
      0.985595703125,
      0.974853515625,
      0.8857421875,
      0.505126953125,
      0.493896484375,
      0.516357421875,
      0.5146484375,
      0.49267578125
    ],
    "phase_coherences": [
      0.993896484375,
      0.995849609375,
      0.993896484375,
      0.963134765625,
      0.929931640625,
      0.995849609375,
      0.9931640625,
      0.996337890625,
      0.96337890625,
      0.93359375,
      0.497802734375,
      0.496337890625,
      0.4990234375,
      0.512451171875,
      0.50439453125
    ],
    "ghz_fidelities": [
      0.98583984375,
      0.989013671875,
      0.9833984375,
      0.894287109375,
      0.885498046875,
      0.98876953125,
      0.9873046875,
      0.9853515625,
      0.9013671875,
      0.89208984375,
      0.251708984375,
      0.24951171875,
      0.248291015625,
      0.25048828125,
      0.251953125
    ],
    "mean_bell_fidelity": 0.810693359375,
    "mean_phase_coherence": 0.8179361979166667,
    "mean_ghz_fidelity": 0.7163248697916667
  }
}